{
  "accuracy": 0.9469214437367304,
  "precision": 0.9254237288135593,
  "recall": 0.9891304347826086,
  "f1": 0.9562171628721541,
  "roc_auc": 0.9946163136380528
}